workstream_id,request_id,owner_role,domain,title,status,dependency_ids,evidence_refs,updated_at
WS-01,DEVREQ-EVT-20260809-001,ENG-01,engineering_coordination,Engineering Coordination: توسعه مرحله‌ای Dino Dash از MVP تا نسخه نهایی,ready,,,2026-08-10T15:19:58.630Z
WS-02,DEVREQ-EVT-20260809-001,ENG-02,solution_architecture,Solution Architecture: توسعه مرحله‌ای Dino Dash از MVP تا نسخه نهایی,ready,WS-01,,2026-08-10T15:19:58.630Z
WS-03,DEVREQ-EVT-20260809-001,ENG-03,frontend_accessibility,Frontend and Accessibility: توسعه مرحله‌ای Dino Dash از MVP تا نسخه نهایی,ready,WS-02,,2026-08-10T15:19:58.630Z
WS-04,DEVREQ-EVT-20260809-001,ENG-04,backend_api_integration,"Backend, API, and Integration: توسعه مرحله‌ای Dino Dash از MVP تا نسخه نهایی",ready,WS-02,,2026-08-10T15:19:58.630Z
WS-05,DEVREQ-EVT-20260809-001,ENG-05,mobile_desktop_clients,Client Applications: توسعه مرحله‌ای Dino Dash از MVP تا نسخه نهایی,ready,WS-02,,2026-08-10T15:19:58.630Z
WS-06,DEVREQ-EVT-20260809-001,ENG-06,database_storage,Database and Storage: توسعه مرحله‌ای Dino Dash از MVP تا نسخه نهایی,ready,WS-02,,2026-08-10T15:19:58.630Z
WS-07,DEVREQ-EVT-20260809-001,ENG-07,data_analytics_ai,"Data, Analytics, and AI: توسعه مرحله‌ای Dino Dash از MVP تا نسخه نهایی",ready,WS-02,,2026-08-10T15:19:58.630Z
WS-08,DEVREQ-EVT-20260809-001,ENG-08,platform_cloud_network,"Platform, Cloud, and Network: توسعه مرحله‌ای Dino Dash از MVP تا نسخه نهایی",ready,WS-02,,2026-08-10T15:19:58.630Z
WS-09,DEVREQ-EVT-20260809-001,ENG-09,security_privacy_compliance,"Security, Privacy, and Compliance: توسعه مرحله‌ای Dino Dash از MVP تا نسخه نهایی",ready,WS-02|WS-03|WS-04|WS-05|WS-06|WS-07|WS-08|WS-11|WS-12,,2026-08-10T15:19:58.630Z
WS-10,DEVREQ-EVT-20260809-001,ENG-10,quality_test_automation,Quality Engineering: توسعه مرحله‌ای Dino Dash از MVP تا نسخه نهایی,ready,WS-03|WS-04|WS-05|WS-06|WS-07|WS-08|WS-11|WS-12|WS-09,,2026-08-10T15:19:58.630Z
WS-11,DEVREQ-EVT-20260809-001,ENG-11,sre_observability_performance,"SRE, Observability, and Performance: توسعه مرحله‌ای Dino Dash از MVP تا نسخه نهایی",ready,WS-02,,2026-08-10T15:19:58.630Z
WS-12,DEVREQ-EVT-20260809-001,ENG-12,devex_ci_cd_release,Developer Experience and Delivery: توسعه مرحله‌ای Dino Dash از MVP تا نسخه نهایی,ready,WS-02,,2026-08-10T15:19:58.630Z
WS-13,DEVREQ-EVT-20260809-001,ENG-14,technical_documentation,Technical Documentation: توسعه مرحله‌ای Dino Dash از MVP تا نسخه نهایی,ready,WS-02|WS-03|WS-04|WS-05|WS-06|WS-07|WS-08|WS-11|WS-12,,2026-08-10T15:19:58.630Z
WS-14,DEVREQ-EVT-20260809-001,ENG-15,independent_engineering_verification,Independent Engineering Verification: توسعه مرحله‌ای Dino Dash از MVP تا نسخه نهایی,ready,WS-01|WS-02|WS-03|WS-04|WS-05|WS-06|WS-07|WS-08|WS-09|WS-10|WS-11|WS-12|WS-13,,2026-08-10T15:19:58.630Z
